,starNumber,B,V,V_corrected,B-V,B-V_corrected,spectral type
0,1.0,,,,,,[UNK]
1,2.0,,,,,,[UNK]
2,3.0,11.673,10.964,10.004,1.669,1.369,K
3,4.0,,,,,,[UNK]
4,5.0,12.705,11.768,10.808,1.897,1.597,K
5,6.0,13.204,12.029,11.069,2.135,1.835,M
6,7.0,12.707,12.44,11.48,1.227,0.927,G
7,8.0,,,,,,[UNK]
8,9.0,14.188,13.489,12.529,1.659,1.359,K
9,10.0,14.729,13.574,12.614,2.115,1.815,M
10,11.0,14.151,13.664,12.704,1.447,1.147,K
11,12.0,14.26,13.692,12.732,1.528,1.228,K
12,13.0,14.471,13.898,12.938,1.533,1.233,K
13,14.0,15.074,13.891,12.931,2.143,1.843,M
14,15.0,14.591,13.933,12.973,1.618,1.318,K
15,16.0,14.446,13.926,12.966,1.48,1.18,K
16,17.0,,,,,,[UNK]
17,18.0,15.119,14.577,13.617,1.502,1.202,K
18,19.0,15.295,14.711,13.751,1.544,1.244,K
19,20.0,15.897,14.961,14.001,1.896,1.596,K
20,21.0,16.152,15.351,14.391,1.761,1.461,K
21,22.0,16.049,15.409,14.449,1.6,1.3,K
22,23.0,16.973,16.265,15.305,1.668,1.368,K
23,24.0,17.088,15.909,14.949,2.139,1.839,M
24,25.0,16.977,16.244,15.284,1.693,1.393,K
25,26.0,17.584,16.186,15.226,2.358,2.058,M
26,27.0,16.87,16.221,15.261,1.609,1.309,K
27,28.0,15.016,13.815,12.855,2.161,1.861,M
28,29.0,17.005,15.612,14.652,2.353,2.053,M
29,30.0,16.976,16.303,15.343,1.633,1.333,K
30,31.0,15.854,15.222,14.262,1.592,1.292,K
31,32.0,17.072,16.343,15.383,1.689,1.389,K
32,33.0,14.012,13.456,12.496,1.516,1.216,K
33,34.0,14.974,14.432,13.472,1.502,1.202,K
34,35.0,14.298,13.125,12.165,2.133,1.833,M
35,36.0,14.674,14.121,13.161,1.513,1.213,K
36,37.0,15.422,14.821,13.861,1.561,1.261,K
37,38.0,16.182,15.596,14.636,1.546,1.246,K
38,39.0,15.489,14.93,13.97,1.519,1.219,K
39,40.0,14.715,14.202,13.242,1.473,1.173,K
40,41.0,16.952,16.266,15.306,1.646,1.346,K
41,42.0,16.679,16.016,15.056,1.623,1.323,K
42,43.0,20.255,18.887,17.927,2.328,2.028,M
43,44.0,14.741,13.593,12.633,2.108,1.808,M
44,45.0,16.526,15.771,14.811,1.715,1.415,K
45,46.0,16.026,15.419,14.459,1.567,1.267,K
46,47.0,17.51,16.788,15.828,1.682,1.382,K
47,48.0,16.912,16.041,15.081,1.831,1.531,K
48,49.0,18.475,17.591,16.631,1.844,1.544,K
49,50.0,17.629,16.973,16.013,1.616,1.316,K
50,51.0,17.186,16.416,15.456,1.73,1.43,K
51,52.0,17.208,16.423,15.463,1.745,1.445,K
52,53.0,18.368,17.551,16.591,1.777,1.477,K
53,54.0,15.818,15.27,14.31,1.508,1.208,K
54,55.0,14.641,14.006,13.046,1.595,1.295,K
55,56.0,14.732,14.111,13.151,1.581,1.281,K
56,57.0,15.838,15.228,14.268,1.57,1.27,K
57,58.0,14.745,13.599,12.639,2.106,1.806,M
58,59.0,17.154,16.147,15.187,1.967,1.667,M
59,60.0,,,,,,[UNK]
60,61.0,16.08,15.422,14.462,1.618,1.318,K
61,62.0,15.143,13.998,13.038,2.105,1.805,M
62,63.0,18.655,17.452,16.492,2.163,1.863,M
63,64.0,14.307,13.761,12.801,1.506,1.206,K
64,65.0,15.835,15.279,14.319,1.516,1.216,K
65,66.0,16.277,15.566,14.606,1.671,1.371,K
66,67.0,16.17,15.498,14.538,1.632,1.332,K
67,68.0,14.385,13.225,12.265,2.12,1.82,M
68,69.0,19.373,18.477,17.517,1.856,1.556,K
69,70.0,14.673,13.518,12.558,2.115,1.815,M
70,71.0,12.806,12.455,11.495,1.311,1.011,K
71,72.0,15.619,15.06,14.1,1.519,1.219,K
72,73.0,17.41,16.658,15.698,1.712,1.412,K
73,74.0,17.712,16.769,15.809,1.903,1.603,M
74,75.0,17.944,16.625,15.665,2.279,1.979,M
75,76.0,15.487,14.886,13.926,1.561,1.261,K
76,77.0,14.267,13.723,12.763,1.504,1.204,K
77,78.0,14.51,14.007,13.047,1.463,1.163,K
78,79.0,17.19,16.484,15.524,1.666,1.366,K
79,80.0,16.935,16.277,15.317,1.618,1.318,K
80,81.0,15.51,14.968,14.008,1.502,1.202,K
81,82.0,15.91,15.332,14.372,1.538,1.238,K
82,83.0,14.617,14.092,13.132,1.485,1.185,K
83,84.0,17.084,16.445,15.485,1.599,1.299,K
84,85.0,19.004,17.794,16.834,2.17,1.87,M
85,86.0,14.865,13.999,13.039,1.826,1.526,K
86,87.0,16.562,15.879,14.919,1.643,1.343,K
87,88.0,19.599,18.222,17.262,2.337,2.037,M
88,89.0,16.044,15.422,14.462,1.582,1.282,K
89,90.0,14.956,14.424,13.464,1.492,1.192,K
90,91.0,14.65,14.094,13.134,1.516,1.216,K
91,92.0,14.175,13.629,12.669,1.506,1.206,K
92,93.0,18.367,16.482,15.522,2.845,2.545,M
93,94.0,14.727,14.199,13.239,1.488,1.188,K
94,95.0,16.71,16.061,15.101,1.609,1.309,K
95,96.0,15.645,15.051,14.091,1.554,1.254,K
96,97.0,17.014,16.333,15.373,1.641,1.341,K
97,98.0,18.34,17.035,16.075,2.265,1.965,M
98,99.0,14.639,14.161,13.201,1.438,1.138,K
99,100.0,18.35,17.506,16.546,1.804,1.504,K
100,101.0,18.806,17.584,16.624,2.182,1.882,M
101,102.0,17.922,16.841,15.881,2.041,1.741,M
102,103.0,13.838,13.352,12.392,1.446,1.146,K
103,104.0,14.196,13.36,12.4,1.796,1.496,K
104,105.0,17.563,16.823,15.863,1.7,1.4,K
105,106.0,15.335,14.807,13.847,1.488,1.188,K
106,107.0,16.138,15.537,14.577,1.561,1.261,K
107,108.0,15.076,14.528,13.568,1.508,1.208,K
108,109.0,15.545,14.956,13.996,1.549,1.249,K
109,110.0,15.369,14.862,13.902,1.467,1.167,K
110,111.0,14.691,14.189,13.229,1.462,1.162,K
111,112.0,16.359,15.737,14.777,1.582,1.282,K
112,113.0,18.275,17.312,16.352,1.923,1.623,M
113,114.0,17.787,17.021,16.061,1.726,1.426,K
114,115.0,15.008,13.856,12.896,2.112,1.812,M
115,116.0,17.418,16.642,15.682,1.736,1.436,K
116,117.0,17.654,16.881,15.921,1.733,1.433,K
117,118.0,18.798,17.763,16.803,1.995,1.695,M
118,119.0,15.151,15.171,14.211,0.94,0.64,F
119,120.0,15.681,15.103,14.143,1.538,1.238,K
120,121.0,15.433,14.906,13.946,1.487,1.187,K
121,122.0,14.713,14.232,13.272,1.441,1.141,K
122,123.0,15.388,14.725,13.765,1.623,1.323,K
123,124.0,15.454,14.94,13.98,1.474,1.174,K
124,125.0,14.14,12.86,11.9,2.24,1.94,M
125,126.0,15.677,15.133,14.173,1.504,1.204,K
126,127.0,18.606,17.478,16.518,2.088,1.788,M
127,128.0,15.281,14.737,13.777,1.504,1.204,K
128,129.0,18.442,17.53,16.57,1.872,1.572,K
129,130.0,15.996,15.328,14.368,1.628,1.328,K
130,131.0,16.991,16.096,15.136,1.855,1.555,K
131,132.0,14.762,13.585,12.625,2.137,1.837,M
132,133.0,15.327,14.776,13.816,1.511,1.211,K
133,134.0,15.497,14.881,13.921,1.576,1.276,K
134,135.0,12.358,10.765,9.805,2.553,2.253,M
135,136.0,17.306,16.55,15.59,1.716,1.416,K
136,137.0,14.564,13.75,12.79,1.774,1.474,K
137,138.0,17.102,16.402,15.442,1.66,1.36,K
138,139.0,18.34,17.083,16.123,2.217,1.917,M
139,140.0,14.342,13.391,12.431,1.911,1.611,M
140,141.0,14.365,13.727,12.767,1.598,1.298,K
141,142.0,14.406,13.892,12.932,1.474,1.174,K
142,143.0,13.826,11.974,11.014,2.812,2.512,M
143,144.0,16.259,15.646,14.686,1.573,1.273,K
144,145.0,16.41,15.732,14.772,1.638,1.338,K
145,146.0,14.022,13.697,12.737,1.285,0.985,G
146,147.0,16.062,15.368,14.408,1.654,1.354,K
147,148.0,14.934,13.747,12.787,2.147,1.847,M
148,149.0,16.288,15.637,14.677,1.611,1.311,K
149,150.0,17.265,16.466,15.506,1.759,1.459,K
150,151.0,18.85,17.55,16.59,2.26,1.96,M
151,152.0,15.925,15.338,14.378,1.547,1.247,K
152,153.0,18.85,17.938,16.978,1.872,1.572,K
153,154.0,16.925,16.091,15.131,1.794,1.494,K
154,155.0,17.274,16.55,15.59,1.684,1.384,K
155,156.0,14.73,13.984,13.024,1.706,1.406,K
156,157.0,17.04,16.315,15.355,1.685,1.385,K
157,158.0,16.389,15.747,14.787,1.602,1.302,K
158,159.0,16.986,16.288,15.328,1.658,1.358,K
159,160.0,14.446,13.254,12.294,2.152,1.852,M
160,161.0,17.176,16.441,15.481,1.695,1.395,K
161,162.0,14.687,13.528,12.568,2.119,1.819,M
162,163.0,15.207,14.7,13.74,1.467,1.167,K
163,164.0,18.297,17.381,16.421,1.876,1.576,K
164,165.0,18.072,17.925,16.965,1.107,0.807,G
165,166.0,15.862,14.457,13.497,2.365,2.065,M
166,167.0,16.044,15.438,14.478,1.566,1.266,K
167,168.0,15.068,14.268,13.308,1.76,1.46,K
168,169.0,17.161,16.493,15.533,1.628,1.328,K
169,170.0,18.469,17.773,16.813,1.656,1.356,K
170,171.0,19.303,18.087,17.127,2.176,1.876,M
171,172.0,18.306,17.57,16.61,1.696,1.396,K
172,173.0,16.459,15.725,14.765,1.694,1.394,K
173,174.0,16.679,15.975,15.015,1.664,1.364,K
174,175.0,15.274,14.388,13.428,1.846,1.546,K
175,176.0,,,,,,[UNK]
176,177.0,15.451,14.902,13.942,1.509,1.209,K
177,178.0,18.365,17.586,16.626,1.739,1.439,K
178,179.0,18.832,17.562,16.602,2.23,1.93,M
179,180.0,14.577,14.028,13.068,1.509,1.209,K
180,181.0,13.98,13.408,12.448,1.532,1.232,K
181,182.0,13.872,12.961,12.001,1.871,1.571,K
182,183.0,15.814,15.146,14.186,1.628,1.328,K
183,184.0,16.409,15.286,14.326,2.083,1.783,M
184,185.0,15.969,15.351,14.391,1.578,1.278,K
185,186.0,15.588,14.769,13.809,1.779,1.479,K
186,187.0,14.805,14.223,13.263,1.542,1.242,K
187,188.0,16.487,16.811,15.851,0.636,0.336,A
188,189.0,16.594,15.933,14.973,1.621,1.321,K
189,190.0,14.875,14.312,13.352,1.523,1.223,K
190,191.0,15.616,15.045,14.085,1.531,1.231,K
191,192.0,18.951,17.61,16.65,2.301,2.001,M
192,193.0,18.213,17.728,16.768,1.445,1.145,K
193,194.0,15.36,14.815,13.855,1.505,1.205,K
194,195.0,18.324,17.371,16.411,1.913,1.613,M
195,196.0,17.092,16.368,15.408,1.684,1.384,K
196,197.0,17.426,16.634,15.674,1.752,1.452,K
197,198.0,17.691,16.899,15.939,1.752,1.452,K
198,199.0,17.427,16.484,15.524,1.903,1.603,M
199,200.0,14.712,14.273,13.313,1.399,1.099,K
200,201.0,16.673,16.449,15.489,1.184,0.884,G
201,202.0,16.407,15.627,14.667,1.74,1.44,K
202,203.0,18.686,17.329,16.369,2.317,2.017,M
203,204.0,16.766,15.952,14.992,1.774,1.474,K
204,205.0,17.447,16.506,15.546,1.901,1.601,M
205,206.0,17.98,16.772,15.812,2.168,1.868,M
206,207.0,18.535,18.054,17.094,1.441,1.141,K
207,208.0,19.282,16.794,15.834,3.448,3.148,M
208,209.0,16.445,15.285,14.325,2.12,1.82,M
209,210.0,15.054,14.495,13.535,1.519,1.219,K
210,211.0,17.296,17.121,16.161,1.135,0.835,G
211,212.0,16.989,16.295,15.335,1.654,1.354,K
212,213.0,17.221,16.476,15.516,1.705,1.405,K
213,214.0,16.184,15.658,14.698,1.486,1.186,K
214,215.0,13.862,13.385,12.425,1.437,1.137,K
215,216.0,15.954,15.53,14.57,1.384,1.084,K
216,217.0,15.663,14.993,14.033,1.63,1.33,K
217,218.0,17.721,16.793,15.833,1.888,1.588,K
218,219.0,17.145,16.4,15.44,1.705,1.405,K
219,220.0,15.838,15.178,14.218,1.62,1.32,K
220,221.0,17.501,16.803,15.843,1.658,1.358,K
221,222.0,18.486,17.876,16.916,1.57,1.27,K
222,223.0,14.858,13.897,12.937,1.921,1.621,M
223,224.0,15.459,14.851,13.891,1.568,1.268,K
224,225.0,15.055,14.474,13.514,1.541,1.241,K
225,226.0,15.62,15.035,14.075,1.545,1.245,K
226,227.0,14.79,14.212,13.252,1.538,1.238,K
227,228.0,17.349,16.509,15.549,1.8,1.5,K
228,229.0,16.37,15.414,14.454,1.916,1.616,M
229,230.0,15.974,14.725,13.765,2.209,1.909,M
230,231.0,18.161,17.5,16.54,1.621,1.321,K
231,232.0,16.991,16.328,15.368,1.623,1.323,K
232,233.0,17.548,16.833,15.873,1.675,1.375,K
233,234.0,14.878,14.25,13.29,1.588,1.288,K
234,235.0,18.252,17.277,16.317,1.935,1.635,M
235,236.0,15.121,13.923,12.963,2.158,1.858,M
236,237.0,18.085,17.348,16.388,1.697,1.397,K
237,238.0,16.94,16.187,15.227,1.713,1.413,K
238,239.0,17.967,17.231,16.271,1.696,1.396,K
239,240.0,16.19,15.383,14.423,1.767,1.467,K
240,241.0,16.967,16.236,15.276,1.691,1.391,K
241,242.0,17.554,16.737,15.777,1.777,1.477,K
242,243.0,16.898,16.232,15.272,1.626,1.326,K
243,244.0,17.207,16.233,15.273,1.934,1.634,M
244,245.0,16.595,15.922,14.962,1.633,1.333,K
245,246.0,18.786,18.057,17.097,1.689,1.389,K
246,247.0,15.587,14.951,13.991,1.596,1.296,K
247,248.0,16.416,15.364,14.404,2.012,1.712,M
248,249.0,19.034,17.54,16.58,2.454,2.154,M
249,250.0,16.052,15.395,14.435,1.617,1.317,K
250,251.0,16.495,15.643,14.683,1.812,1.512,K
251,252.0,17.952,17.152,16.192,1.76,1.46,K
252,253.0,18.433,17.487,16.527,1.906,1.606,M
253,254.0,17.248,16.409,15.449,1.799,1.499,K
254,255.0,15.814,15.201,14.241,1.573,1.273,K
255,256.0,16.534,15.724,14.764,1.77,1.47,K
256,257.0,18.484,17.224,16.264,2.22,1.92,M
257,258.0,18.345,17.591,16.631,1.714,1.414,K
258,259.0,16.268,15.562,14.602,1.666,1.366,K
259,260.0,19.616,17.955,16.995,2.621,2.321,M
260,261.0,17.543,16.997,16.037,1.506,1.206,K
261,262.0,17.117,16.315,15.355,1.762,1.462,K
262,263.0,18.395,17.226,16.266,2.129,1.829,M
263,264.0,18.53,17.574,16.614,1.916,1.616,M
264,265.0,18.295,17.349,16.389,1.906,1.606,M
265,266.0,17.413,16.704,15.744,1.669,1.369,K
266,267.0,17.487,16.638,15.678,1.809,1.509,K
267,268.0,17.978,17.195,16.235,1.743,1.443,K
268,269.0,17.549,16.562,15.602,1.947,1.647,M
269,270.0,19.042,17.78,16.82,2.222,1.922,M
270,271.0,15.451,14.891,13.931,1.52,1.22,K
271,272.0,18.385,17.391,16.431,1.954,1.654,M
272,273.0,16.042,15.429,14.469,1.573,1.273,K
273,274.0,14.541,13.884,12.924,1.617,1.317,K
274,275.0,19.378,18.295,17.335,2.043,1.743,M
275,276.0,17.793,16.992,16.032,1.761,1.461,K
276,277.0,18.573,17.849,16.889,1.684,1.384,K
277,278.0,17.232,16.234,15.274,1.958,1.658,M
278,279.0,14.144,12.298,11.338,2.806,2.506,M
279,280.0,17.477,16.598,15.638,1.839,1.539,K
280,281.0,16.928,16.003,15.043,1.885,1.585,K
281,282.0,15.416,15.453,14.493,0.923,0.623,F
282,283.0,13.875,12.706,11.746,2.129,1.829,M
283,284.0,18.44,17.262,16.302,2.138,1.838,M
284,285.0,15.108,13.955,12.995,2.113,1.813,M
285,286.0,18.378,17.406,16.446,1.932,1.632,M
286,287.0,16.622,15.952,14.992,1.63,1.33,K
287,288.0,16.789,16.058,15.098,1.691,1.391,K
288,289.0,17.679,16.894,15.934,1.745,1.445,K
289,290.0,14.955,13.819,12.859,2.096,1.796,M
290,291.0,18.441,17.262,16.302,2.139,1.839,M
291,292.0,18.343,17.488,16.528,1.815,1.515,K
292,293.0,15.834,15.255,14.295,1.539,1.239,K
293,294.0,18.104,17.382,16.422,1.682,1.382,K
294,295.0,17.966,16.585,15.625,2.341,2.041,M
295,296.0,17.068,16.15,15.19,1.878,1.578,K
296,297.0,17.031,16.333,15.373,1.658,1.358,K
297,298.0,18.325,17.619,16.659,1.666,1.366,K
298,299.0,15.934,15.333,14.373,1.561,1.261,K
299,300.0,15.365,14.81,13.85,1.515,1.215,K
300,301.0,16.538,15.413,14.453,2.085,1.785,M
301,302.0,17.199,16.499,15.539,1.66,1.36,K
302,303.0,17.445,16.412,15.452,1.993,1.693,M
303,304.0,17.314,16.598,15.638,1.676,1.376,K
304,305.0,18.599,17.581,16.621,1.978,1.678,M
305,306.0,17.037,16.034,15.074,1.963,1.663,M
306,307.0,17.113,16.422,15.462,1.651,1.351,K
307,308.0,17.936,17.08,16.12,1.816,1.516,K
308,309.0,,,,,,[UNK]
309,310.0,18.079,16.856,15.896,2.183,1.883,M
310,311.0,16.591,15.929,14.969,1.622,1.322,K
311,312.0,14.818,13.691,12.731,2.087,1.787,M
312,313.0,16.803,16.218,15.258,1.545,1.245,K
313,314.0,16.47,15.673,14.713,1.757,1.457,K
314,315.0,,,,,,[UNK]
315,316.0,19.046,17.605,16.645,2.401,2.101,M
316,317.0,18.085,17.587,16.627,1.458,1.158,K
317,318.0,15.767,15.173,14.213,1.554,1.254,K
318,319.0,18.363,17.413,16.453,1.91,1.61,M
319,320.0,16.132,15.51,14.55,1.582,1.282,K
320,321.0,17.555,16.848,15.888,1.667,1.367,K
321,322.0,16.56,15.586,14.626,1.934,1.634,M
322,323.0,17.805,17.191,16.231,1.574,1.274,K
323,324.0,16.895,16.161,15.201,1.694,1.394,K
324,325.0,15.167,14.61,13.65,1.517,1.217,K
325,326.0,13.912,12.747,11.787,2.125,1.825,M
326,327.0,17.957,16.795,15.835,2.122,1.822,M
327,328.0,17.499,16.506,15.546,1.953,1.653,M
328,329.0,16.074,15.405,14.445,1.629,1.329,K
329,330.0,18.05,17.274,16.314,1.736,1.436,K
330,331.0,18.167,17.339,16.379,1.788,1.488,K
331,332.0,16.216,15.335,14.375,1.841,1.541,K
332,333.0,16.221,15.545,14.585,1.636,1.336,K
333,334.0,16.818,16.419,15.459,1.359,1.059,K
334,335.0,17.127,16.341,15.381,1.746,1.446,K
335,336.0,19.183,17.246,16.286,2.897,2.597,M
336,337.0,17.749,17.117,16.157,1.592,1.292,K
337,338.0,19.129,17.751,16.791,2.338,2.038,M
338,339.0,15.914,15.174,14.214,1.7,1.4,K
339,340.0,15.941,14.347,13.387,2.554,2.254,M
340,341.0,15.372,14.885,13.925,1.447,1.147,K
341,342.0,15.003,13.846,12.886,2.117,1.817,M
342,343.0,16.108,15.448,14.488,1.62,1.32,K
343,344.0,16.838,15.758,14.798,2.04,1.74,M
344,345.0,18.362,17.511,16.551,1.811,1.511,K
345,346.0,15.109,13.944,12.984,2.125,1.825,M
346,347.0,17.282,16.524,15.564,1.718,1.418,K
347,348.0,14.665,14.025,13.065,1.6,1.3,K
348,349.0,18.961,17.855,16.895,2.066,1.766,M
349,350.0,16.668,16.002,15.042,1.626,1.326,K
350,351.0,19.265,18.004,17.044,2.221,1.921,M
351,352.0,17.338,16.593,15.633,1.705,1.405,K
352,353.0,18.487,17.824,16.864,1.623,1.323,K
353,354.0,18.587,17.581,16.621,1.966,1.666,M
354,355.0,14.969,14.434,13.474,1.495,1.195,K
355,356.0,16.568,15.909,14.949,1.619,1.319,K
356,357.0,18.371,17.326,16.366,2.005,1.705,M
357,358.0,18.169,17.306,16.346,1.823,1.523,K
358,359.0,18.342,17.103,16.143,2.199,1.899,M
359,360.0,16.069,15.42,14.46,1.609,1.309,K
360,361.0,20.103,18.229,17.269,2.834,2.534,M
361,362.0,18.233,17.321,16.361,1.872,1.572,K
362,363.0,18.607,17.783,16.823,1.784,1.484,K
363,364.0,18.917,17.988,17.028,1.889,1.589,K
364,365.0,16.929,16.199,15.239,1.69,1.39,K
365,366.0,18.628,17.501,16.541,2.087,1.787,M
366,367.0,16.761,16.096,15.136,1.625,1.325,K
367,368.0,17.979,17.178,16.218,1.761,1.461,K
368,369.0,19.131,18.257,17.297,1.834,1.534,K
369,370.0,15.334,14.758,13.798,1.536,1.236,K
370,371.0,17.593,16.82,15.86,1.733,1.433,K
371,372.0,18.9,17.897,16.937,1.963,1.663,M
372,373.0,16.968,15.954,14.994,1.974,1.674,M
373,374.0,17.52,16.796,15.836,1.684,1.384,K
374,375.0,15.478,14.61,13.65,1.828,1.528,K
375,376.0,,,,,,[UNK]
376,377.0,16.052,15.427,14.467,1.585,1.285,K
377,378.0,18.219,17.47,16.51,1.709,1.409,K
378,379.0,16.154,15.518,14.558,1.596,1.296,K
379,380.0,14.68,14.066,13.106,1.574,1.274,K
380,381.0,16.157,15.499,14.539,1.618,1.318,K
381,382.0,14.472,13.107,12.147,2.325,2.025,M
382,383.0,15.133,14.514,13.554,1.579,1.279,K
383,384.0,18.788,17.736,16.776,2.012,1.712,M
384,385.0,16.979,16.293,15.333,1.646,1.346,K
385,386.0,,,,,,[UNK]
386,387.0,15.356,14.809,13.849,1.507,1.207,K
387,388.0,17.108,16.335,15.375,1.733,1.433,K
388,389.0,18.961,17.979,17.019,1.942,1.642,M
389,390.0,17.719,16.903,15.943,1.776,1.476,K
390,391.0,19.05,18.06,17.1,1.95,1.65,M
391,392.0,18.686,17.77,16.81,1.876,1.576,K
392,393.0,15.206,14.396,13.436,1.77,1.47,K
393,394.0,18.234,17.355,16.395,1.839,1.539,K
394,395.0,15.052,13.9,12.94,2.112,1.812,M
395,396.0,17.168,16.357,15.397,1.771,1.471,K
396,397.0,16.847,16.153,15.193,1.654,1.354,K
397,398.0,17.669,16.625,15.665,2.004,1.704,M
398,399.0,18.049,17.215,16.255,1.794,1.494,K
399,400.0,16.822,16.123,15.163,1.659,1.359,K
400,401.0,17.528,16.652,15.692,1.836,1.536,K
401,402.0,18.741,17.731,16.771,1.97,1.67,M
402,403.0,17.491,16.755,15.795,1.696,1.396,K
403,404.0,15.196,14.676,13.716,1.48,1.18,K
404,405.0,18.115,17.195,16.235,1.88,1.58,K
405,406.0,15.46,14.336,13.376,2.084,1.784,M
406,407.0,17.821,16.928,15.968,1.853,1.553,K
407,408.0,16.275,15.64,14.68,1.595,1.295,K
408,409.0,16.515,15.89,14.93,1.585,1.285,K
409,410.0,17.249,16.162,15.202,2.047,1.747,M
410,411.0,18.295,17.732,16.772,1.523,1.223,K
411,412.0,13.877,13.337,12.377,1.5,1.2,K
412,413.0,15.857,15.3,14.34,1.517,1.217,K
413,414.0,16.974,16.27,15.31,1.664,1.364,K
414,415.0,19.527,17.661,16.701,2.826,2.526,M
415,416.0,17.994,17.122,16.162,1.832,1.532,K
416,417.0,16.961,16.274,15.314,1.647,1.347,K
417,418.0,19.282,17.762,16.802,2.48,2.18,M
418,419.0,15.276,14.72,13.76,1.516,1.216,K
419,420.0,17.071,15.929,14.969,2.102,1.802,M
420,421.0,15.027,14.329,13.369,1.658,1.358,K
421,422.0,15.006,14.518,13.558,1.448,1.148,K
422,423.0,16.913,16.137,15.177,1.736,1.436,K
423,424.0,16.331,15.638,14.678,1.653,1.353,K
424,425.0,19.061,18.739,17.779,1.282,0.982,G
425,426.0,17.643,17.236,16.276,1.367,1.067,K
426,427.0,17.222,16.631,15.671,1.551,1.251,K
427,428.0,17.556,17.144,16.184,1.372,1.072,K
428,429.0,18.017,17.729,16.769,1.248,0.948,G
429,430.0,16.571,15.963,15.003,1.568,1.268,K
430,431.0,17.233,16.831,15.871,1.362,1.062,K
431,432.0,15.978,15.336,14.376,1.602,1.302,K
432,433.0,17.572,17.083,16.123,1.449,1.149,K
433,434.0,16.887,16.224,15.264,1.623,1.323,K
434,435.0,19.533,18.894,17.934,1.599,1.299,K
435,436.0,20.734,20.158,19.198,1.536,1.236,K
436,437.0,17.344,16.839,15.879,1.465,1.165,K
437,438.0,18.243,17.491,16.531,1.712,1.412,K
438,439.0,17.014,16.72,15.76,1.254,0.954,G
439,440.0,16.576,15.884,14.924,1.652,1.352,K
440,441.0,18.017,17.763,16.803,1.214,0.914,G
441,442.0,20.062,19.572,18.612,1.45,1.15,K
442,443.0,17.214,16.349,15.389,1.825,1.525,K
443,444.0,17.418,17.102,16.142,1.276,0.976,G
444,445.0,16.599,15.892,14.932,1.667,1.367,K
445,446.0,15.968,15.219,14.259,1.709,1.409,K
446,447.0,20.591,19.958,18.998,1.593,1.293,K
447,448.0,17.318,16.829,15.869,1.449,1.149,K
448,449.0,16.031,15.711,14.751,1.28,0.98,G
449,450.0,19.737,19.261,18.301,1.436,1.136,K
450,451.0,16.513,16.038,15.078,1.435,1.135,K
451,452.0,15.689,15.372,14.412,1.277,0.977,G
452,453.0,16.865,16.319,15.359,1.506,1.206,K
453,454.0,16.773,16.473,15.513,1.26,0.96,G
454,455.0,15.842,15.217,14.257,1.585,1.285,K
455,456.0,16.907,16.562,15.602,1.305,1.005,K
456,457.0,17.303,16.904,15.944,1.359,1.059,K
457,458.0,18.079,17.738,16.778,1.301,1.001,K
458,459.0,16.609,16.142,15.182,1.427,1.127,K
459,460.0,16.541,16.082,15.122,1.419,1.119,K
460,461.0,16.312,15.392,14.432,1.88,1.58,K
461,462.0,17.723,16.603,15.643,2.08,1.78,M
462,463.0,15.814,15.302,14.342,1.472,1.172,K
463,464.0,17.371,16.823,15.863,1.508,1.208,K
464,465.0,16.285,15.928,14.968,1.317,1.017,K
465,466.0,17.664,17.266,16.306,1.358,1.058,K
466,467.0,18.695,18.104,17.144,1.551,1.251,K
467,468.0,18.913,18.379,17.419,1.494,1.194,K
468,469.0,17.371,16.432,15.472,1.899,1.599,K
469,470.0,18.869,18.095,17.135,1.734,1.434,K
470,471.0,18.832,18.283,17.323,1.509,1.209,K
471,472.0,18.079,17.492,16.532,1.547,1.247,K
472,473.0,16.641,15.937,14.977,1.664,1.364,K
473,474.0,18.079,17.374,16.414,1.665,1.365,K
474,475.0,17.371,16.881,15.921,1.45,1.15,K
475,476.0,16.858,16.194,15.234,1.624,1.324,K
476,477.0,19.519,19.028,18.068,1.451,1.151,K
477,478.0,19.718,18.877,17.917,1.801,1.501,K
478,479.0,18.497,17.828,16.868,1.629,1.329,K
479,480.0,16.281,15.936,14.976,1.305,1.005,K
480,481.0,17.834,17.492,16.532,1.302,1.002,K
481,482.0,17.723,16.948,15.988,1.735,1.435,K
482,483.0,17.105,16.803,15.843,1.262,0.962,G
483,484.0,17.942,17.291,16.331,1.611,1.311,K
484,485.0,16.764,15.849,14.889,1.875,1.575,K
485,486.0,17.105,16.302,15.342,1.763,1.463,K
486,487.0,18.421,17.391,16.431,1.99,1.69,M
487,488.0,20.102,19.838,18.878,1.224,0.924,G
488,489.0,19.649,19.411,18.451,1.198,0.898,G
489,490.0,18.746,18.029,17.069,1.677,1.377,K
490,491.0,17.621,16.845,15.885,1.736,1.436,K
491,492.0,,,,,,[UNK]
492,493.0,18.046,17.492,16.532,1.514,1.214,K
493,494.0,16.546,16.074,15.114,1.432,1.132,K
494,495.0,16.435,15.829,14.869,1.566,1.266,K
495,496.0,16.183,15.683,14.723,1.46,1.16,K
496,497.0,16.821,16.339,15.379,1.442,1.142,K
497,498.0,14.469,13.762,12.802,1.667,1.367,K
498,499.0,16.546,16.042,15.082,1.464,1.164,K
499,500.0,15.528,14.804,13.844,1.684,1.384,K
500,501.0,16.572,15.968,15.008,1.564,1.264,K
501,502.0,14.896,14.211,13.251,1.645,1.345,K
502,503.0,18.374,17.964,17.004,1.37,1.07,K
503,504.0,19.342,18.774,17.814,1.528,1.228,K
504,505.0,15.631,15.049,14.089,1.542,1.242,K
505,506.0,15.528,14.893,13.933,1.595,1.295,K
506,,,,,,,[UNK]
507,,,,Max,3.148,,[UNK]
508,,,,Min,0.336,,[UNK]
